Company,Profile,Location/s,From,Upto,Duration,Stipend,Link

Ramesh Sippy Academy Of Cinema And Entertainment,Information Technology,Mumbai,Starts�Immediately,10 Feb' 21,6 Months,10000-14000 /month,www.internshala.com//internship/detail/information-technology-internship-in-mumbai-at-ramesh-sippy-academy-of-cinema-and-entertainment1611738958

Viacom India LLP,Web Development,Gurgaon,Starts�Immediately,8 Feb' 21,3 Months,3000-5000 /month,www.internshala.com//internship/detail/web-development-internship-in-gurgaon-at-viacom-india-llp1611577606

IIT Bombay,Backend Development,Work From Home,Starts�Immediately,4 Feb' 21,6 Months,3000-5000 /month,www.internshala.com//internship/detail/backend-development-work-from-home-job-internship-at-iit-bombay1610618500

IIT Bombay,Ruby On Rails Development,Work From Home,Starts�Immediately,2 Feb' 21,6 Months,3000-5000 /month,www.internshala.com//internship/detail/ruby-on-rails-development-work-from-home-job-internship-at-iit-bombay1610444585

M/S Avishkar Tech Solutions,Python Development,Work From Home,Starts�Immediately,15 Feb' 21,2 Months,5000 /month,www.internshala.com//internship/detail/python-development-work-from-home-job-internship-at-m-s-avishkar-tech-solutions1612149504

Hindchef Private Limited,Web Development,Delhi,Starts�Immediately,15 Feb' 21,6 Months,2000 /month,www.internshala.com//internship/detail/web-development-internship-in-delhi-at-hindchef-private-limited1611989001

Student Nation,Full Stack Development,Work From Home,Starts�Immediately,15 Feb' 21,1 Month,5000-10000 /month,www.internshala.com//internship/detail/full-stack-development-work-from-home-job-internship-at-student-nation1612128431

Blackcoffer,ReactJS Development,Work From Home,Starts�Immediately,15 Feb' 21,6 Months,5000-10000 /month,www.internshala.com//internship/detail/reactjs-development-work-from-home-job-internship-at-blackcoffer1612118404

Trilyo,Web Development,Work From Home,Starts�Immediately,14 Feb' 21,2 Months,5000 /month,www.internshala.com//internship/detail/web-development-work-from-home-job-internship-at-trilyo1612117354

Scholarly Science,React.js Development,Work From Home,Starts�Immediately,14 Feb' 21,1 Month,4000-8000 /month,www.internshala.com//internship/detail/reactjs-development-work-from-home-job-internship-at-scholarly-science1612116301

JethiTech Solutions,Web Development,"Ajmer, Delhi, Jaipur",Starts�Immediately,14 Feb' 21,3 Months,5000-10000 /month,www.internshala.com//internship/detail/web-development-internship-in-multiple-locations-at-jethitech-solutions1612114541

Lurnweb Academy,Web Development,Coimbatore,Starts�Immediately,14 Feb' 21,1 Month,2000 /month,www.internshala.com//internship/detail/web-development-part-time-job-internship-at-coimbatore-in-lurnweb-academy1612113898

Blush N More,Product Management,Work From Home,Starts�Immediately,14 Feb' 21,2 Months,1000 /month,www.internshala.com//internship/detail/product-management-work-from-home-job-internship-at-blush-n-more1612112301

Build With Innovation Private Limited,React/Angular Development,Delhi,Starts�Immediately,14 Feb' 21,6 Months,10000 /month +  Incentives,www.internshala.com//internship/detail/react-angular-development-internship-in-delhi-at-build-with-innovation-private-limited1612107971

DIGITVILLA LLP,Web Development,Work From Home,Starts�Immediately,14 Feb' 21,2 Months,1000 /month,www.internshala.com//internship/detail/web-development-work-from-home-job-internship-at-digitvilla-llp1612008104

MUNCHIN TECHNOLOGIES PRIVATE LIMITED,Web Development,Work From Home,Starts�Immediately,14 Feb' 21,3 Months,1000 /month,www.internshala.com//internship/detail/web-development-work-from-home-job-internship-at-munchin-technologies-private-limited1612030641

Pickcel,Web Development,Work From Home,Starts�Immediately,14 Feb' 21,6 Months,12000 /month,www.internshala.com//internship/detail/web-development-work-from-home-job-internship-at-pickcel1612105675

Nanjil Anand Foundation,Web Development,Work From Home,Starts�Immediately,14 Feb' 21,3 Months,Unpaid,www.internshala.com//internship/detail/web-development-work-from-home-job-internship-at-nanjil-anand-foundation1612100972

Asterism InfoSoft,Web Development,Gandhinagar,Starts�Immediately,14 Feb' 21,3 Months,6000 /month,www.internshala.com//internship/detail/web-development-part-time-job-internship-at-gandhinagar-in-asterism-infosoft1612098480

Asterism InfoSoft,Mobile App Development,"Ahmedabad, Gandhinagar",Starts�Immediately,14 Feb' 21,6 Months,8000 /month,www.internshala.com//internship/detail/mobile-app-development-part-time-job-internship-at-ahmedabad-gandhinagar-in-asterism-infosoft1612098280

Springfield Olympiads,Web Development,Work From Home,Starts�Immediately,14 Feb' 21,2 Months,2000-3000 /month,www.internshala.com//internship/detail/web-development-work-from-home-job-internship-at-springfield-olympiads1612093877

Wastefull Insights,Machine Learning,"Ahmedabad, Surat, Vadodara",Starts�Immediately,14 Feb' 21,3 Months,8000 /month,www.internshala.com//internship/detail/machine-learning-internship-in-multiple-locations-at-wastefull-insights1612092358

TSJ Group,Web Development,Nagpur,Starts�Immediately,14 Feb' 21,5 Months,5300 /month,www.internshala.com//internship/detail/web-development-internship-in-nagpur-at-tsj-group1612092143

Triosoft Technologies,Web Development,Bhopal,Starts�Immediately,14 Feb' 21,2 Months,3000 /month,www.internshala.com//internship/detail/web-development-internship-in-bhopal-at-triosoft-technologies1612023574

Ishttaa Techcraft Private Limited,Web Development,Bangalore,Starts�Immediately,14 Feb' 21,3 Months,3000 /month,www.internshala.com//internship/detail/web-development-internship-in-bangalore-at-ishttaa-techcraft-private-limited1612004544

SundayGrids Private Limited,Web Development,Bangalore,Starts�Immediately,14 Feb' 21,3 Months,10000 /month,www.internshala.com//internship/detail/web-development-internship-in-bangalore-at-sundaygrids-private-limited1612088267

EDUBILD TECHNOLOGIES LLP,Web Development,Work From Home,Starts�Immediately,14 Feb' 21,2 Months,1000 /month,www.internshala.com//internship/detail/web-development-work-from-home-job-internship-at-edubild-technologies-llp1612087616

La Dolce Vita (Kotawala Jewels),Web Development,Work From Home,Starts�Immediately,14 Feb' 21,1 Month,1000 /month +  Incentives,www.internshala.com//internship/detail/web-development-work-from-home-job-internship-at-la-dolce-vita-kotawala-jewels1612019877

SIRPI PRODUCTS AND SERVICES PRIVATE LIMITED,DevOps,Work From Home,Starts�Immediately,14 Feb' 21,1 Month,5000 /month,www.internshala.com//internship/detail/devops-work-from-home-job-internship-at-sirpi-products-and-services-private-limited1612019449

SHARAN DIGITECH,Web Development,Mumbai,Starts�Immediately,14 Feb' 21,6 Months,5000 /month,www.internshala.com//internship/detail/web-development-internship-in-mumbai-at-sharan-digitech1612014670

Studentgiri,Vue JavaScript Development,Work From Home,Starts�Immediately,14 Feb' 21,3 Months,2500-5000 /month,www.internshala.com//internship/detail/vue-javascript-development-work-from-home-job-internship-at-studentgiri1611918890

Cyberathon,PHP Development,Nagpur,Starts�Immediately,14 Feb' 21,6 Months,3000 /month,www.internshala.com//internship/detail/php-development-internship-in-nagpur-at-cyberathon1612084989

Cyberathon,Android Development,Nagpur,Starts�Immediately,14 Feb' 21,6 Months,3000 /month,www.internshala.com//internship/detail/android-development-internship-in-nagpur-at-cyberathon1612084956

Cyberathon,Java Development,Nagpur,Starts�Immediately,14 Feb' 21,6 Months,3000 /month,www.internshala.com//internship/detail/java-development-internship-in-nagpur-at-cyberathon1612084926

Beat The Virus Startup,Mobile App Development,Work From Home,Starts�Immediately,14 Feb' 21,4 Months,1000 /month +  Incentives,www.internshala.com//internship/detail/mobile-app-development-work-from-home-job-internship-at-beat-the-virus-startup1612084627

BookNow,Native Android App Development,Work From Home,Starts�Immediately,14 Feb' 21,2 Months,1000 /month,www.internshala.com//internship/detail/native-android-app-development-work-from-home-job-internship-at-booknow1612018586

FutureAPI,Web Development,Work From Home,Starts�Immediately,14 Feb' 21,6 Months,5000 /month,www.internshala.com//internship/detail/web-development-work-from-home-job-internship-at-futureapi1612018546

KUKbit Software Lab,Java Development,Pune,Starts�Immediately,14 Feb' 21,6 Months,15000 /month,www.internshala.com//internship/detail/java-development-part-time-job-internship-at-pune-in-kukbit-software-lab1612083487

KUKbit Software Lab,Web Development,Pune,Starts�Immediately,14 Feb' 21,6 Months,15000 /month,www.internshala.com//internship/detail/web-development-internship-in-pune-at-kukbit-software-lab1612083457

Print Factory,WordPress Development,Jaipur,Starts�Immediately,14 Feb' 21,3 Months,3000 /month +  Incentives,www.internshala.com//internship/detail/wordpress-development-part-time-job-internship-at-jaipur-in-print-factory1612016447

