Springfield Olympiads,Web Development,Work From Home,Starts�Immediately,14 Feb' 21,2 Months,2000-3000 /month,www.internshala.com//internship/detail/web-development-work-from-home-job-internship-at-springfield-olympiads1612093877

Wastefull Insights,Machine Learning,"Ahmedabad, Surat, Vadodara",Starts�Immediately,14 Feb' 21,3 Months,8000 /month,www.internshala.com//internship/detail/machine-learning-internship-in-multiple-locations-at-wastefull-insights1612092358

TSJ Group,Web Development,Nagpur,Starts�Immediately,14 Feb' 21,5 Months,5300 /month,www.internshala.com//internship/detail/web-development-internship-in-nagpur-at-tsj-group1612092143

Triosoft Technologies,Web Development,Bhopal,Starts�Immediately,14 Feb' 21,2 Months,3000 /month,www.internshala.com//internship/detail/web-development-internship-in-bhopal-at-triosoft-technologies1612023574

Ishttaa Techcraft Private Limited,Web Development,Bangalore,Starts�Immediately,14 Feb' 21,3 Months,3000 /month,www.internshala.com//internship/detail/web-development-internship-in-bangalore-at-ishttaa-techcraft-private-limited1612004544

SundayGrids Private Limited,Web Development,Bangalore,Starts�Immediately,14 Feb' 21,3 Months,10000 /month,www.internshala.com//internship/detail/web-development-internship-in-bangalore-at-sundaygrids-private-limited1612088267

EDUBILD TECHNOLOGIES LLP,Web Development,Work From Home,Starts�Immediately,14 Feb' 21,2 Months,1000 /month,www.internshala.com//internship/detail/web-development-work-from-home-job-internship-at-edubild-technologies-llp1612087616

La Dolce Vita (Kotawala Jewels),Web Development,Work From Home,Starts�Immediately,14 Feb' 21,1 Month,1000 /month +  Incentives,www.internshala.com//internship/detail/web-development-work-from-home-job-internship-at-la-dolce-vita-kotawala-jewels1612019877

SIRPI PRODUCTS AND SERVICES PRIVATE LIMITED,DevOps,Work From Home,Starts�Immediately,14 Feb' 21,1 Month,5000 /month,www.internshala.com//internship/detail/devops-work-from-home-job-internship-at-sirpi-products-and-services-private-limited1612019449

SHARAN DIGITECH,Web Development,Mumbai,Starts�Immediately,14 Feb' 21,6 Months,5000 /month,www.internshala.com//internship/detail/web-development-internship-in-mumbai-at-sharan-digitech1612014670

Studentgiri,Vue JavaScript Development,Work From Home,Starts�Immediately,14 Feb' 21,3 Months,2500-5000 /month,www.internshala.com//internship/detail/vue-javascript-development-work-from-home-job-internship-at-studentgiri1611918890

Cyberathon,PHP Development,Nagpur,Starts�Immediately,14 Feb' 21,6 Months,3000 /month,www.internshala.com//internship/detail/php-development-internship-in-nagpur-at-cyberathon1612084989

Cyberathon,Android Development,Nagpur,Starts�Immediately,14 Feb' 21,6 Months,3000 /month,www.internshala.com//internship/detail/android-development-internship-in-nagpur-at-cyberathon1612084956

Cyberathon,Java Development,Nagpur,Starts�Immediately,14 Feb' 21,6 Months,3000 /month,www.internshala.com//internship/detail/java-development-internship-in-nagpur-at-cyberathon1612084926

Beat The Virus Startup,Mobile App Development,Work From Home,Starts�Immediately,14 Feb' 21,4 Months,1000 /month +  Incentives,www.internshala.com//internship/detail/mobile-app-development-work-from-home-job-internship-at-beat-the-virus-startup1612084627

BookNow,Native Android App Development,Work From Home,Starts�Immediately,14 Feb' 21,2 Months,1000 /month,www.internshala.com//internship/detail/native-android-app-development-work-from-home-job-internship-at-booknow1612018586

FutureAPI,Web Development,Work From Home,Starts�Immediately,14 Feb' 21,6 Months,5000 /month,www.internshala.com//internship/detail/web-development-work-from-home-job-internship-at-futureapi1612018546

KUKbit Software Lab,Java Development,Pune,Starts�Immediately,14 Feb' 21,6 Months,15000 /month,www.internshala.com//internship/detail/java-development-part-time-job-internship-at-pune-in-kukbit-software-lab1612083487

KUKbit Software Lab,Web Development,Pune,Starts�Immediately,14 Feb' 21,6 Months,15000 /month,www.internshala.com//internship/detail/web-development-internship-in-pune-at-kukbit-software-lab1612083457

Print Factory,WordPress Development,Jaipur,Starts�Immediately,14 Feb' 21,3 Months,3000 /month +  Incentives,www.internshala.com//internship/detail/wordpress-development-part-time-job-internship-at-jaipur-in-print-factory1612016447

Company,Profile,Location/s,From,Upto,Duration,Stipend,Link

Main Marshals,Electronics Engineering,Lucknow,Starts�Immediately,14 Feb' 21,3 Months,2000 /month,www.internshala.com//internship/detail/electronics-engineering-internship-in-lucknow-at-main-marshals1612104599

The Smart Mobility Company,Embedded System Design,"Ahmedabad, Delhi, Bangalore, Mumbai",Starts�Immediately,14 Feb' 21,3 Months,10000 /month,www.internshala.com//internship/detail/embedded-system-design-internship-in-multiple-locations-at-the-smart-mobility-company1612102022

Rompot Technologies Private Limited,Teaching,"Aurangabad, Jalgaon, Pune, Ahmednagar, Mumbai, Buldhana",Starts�Immediately,14 Feb' 21,6 Months,3000-8000 /month,www.internshala.com//internship/detail/teaching-internship-in-multiple-locations-at-rompot-technologies-private-limited1612006556

Parent Protect,3D Modelling and Animation,Work From Home,Starts�Immediately,13 Feb' 21,3 Months,5000-8000 /month,www.internshala.com//internship/detail/3d-modelling-and-animation-work-from-home-job-internship-at-parent-protect1612018850

Airprobe,Operations - Electronics,Bangalore,Starts�Immediately,13 Feb' 21,3 Months,7000 /month,www.internshala.com//internship/detail/operations-electronics-internship-in-bangalore-at-airprobe1612018561

Cypher Circuits,Embedded Systems,Coimbatore,Starts�Immediately,13 Feb' 21,4 Months,2000-5000 /month,www.internshala.com//internship/detail/embedded-systems-internship-in-coimbatore-at-cypher-circuits1611911788

D'n'D Rodhak,Machine Learning (IoT),Mandi,Starts�Immediately,13 Feb' 21,6 Months,3000-5000 /month,www.internshala.com//internship/detail/machine-learning-iot-part-time-job-internship-at-mandi-in-dnd-rodhak1612001993

Circuitloop Technologies LLP,Electronics Engineering,Work From Home,Starts�Immediately,12 Feb' 21,6 Months,5000 /month,www.internshala.com//internship/detail/electronics-engineering-work-from-home-job-internship-at-circuitloop-technologies-llp1611925918

Prominent Systems,Electronics Engineering,Nagpur,Starts�Immediately,12 Feb' 21,3 Months,5000 /month,www.internshala.com//internship/detail/electronics-engineering-internship-in-nagpur-at-prominent-systems1611911975

Cypher Circuits,Electronics Engineering,Coimbatore,Starts�Immediately,12 Feb' 21,4 Months,2000-5000 /month,www.internshala.com//internship/detail/electronics-engineering-internship-in-coimbatore-at-cypher-circuits1611910196

MindAdda,Internet Of Things (IoT),Bhubaneswar,Starts�Immediately,12 Feb' 21,6 Months,5000 /month,www.internshala.com//internship/detail/internet-of-things-iot-internship-in-bhubaneswar-at-mindadda1611889373

UniConverge Technologies Private Limited,Telecom Embedded Development,Noida,Starts�Immediately,12 Feb' 21,4 Months,4000 /month,www.internshala.com//internship/detail/telecom-embedded-development-internship-in-noida-at-uniconverge-technologies-private-limited1611916072

Bariflolabs Private Limited,ROS & LoRa Development,Work From Home,Starts�Immediately,12 Feb' 21,6 Months,5000 /month +  Incentives,www.internshala.com//internship/detail/ros-lora-development-work-from-home-job-internship-at-bariflolabs-private-limited1611909603

IVIS - Intensive Vigilance And Intervention System,Internet Of Things (IoT),Vijayawada,Starts�Immediately,12 Feb' 21,3 Months,5000 /month,www.internshala.com//internship/detail/internet-of-things-iot-part-time-job-internship-at-vijayawada-in-ivis-intensive-vigilance-and-intervention-system1611898858

YuDash Systems Private Limited,Embedded Software Engineering,Ghaziabad,Starts�Immediately,12 Feb' 21,2 Months,8000-12000 /month,www.internshala.com//internship/detail/embedded-software-engineering-internship-in-ghaziabad-at-yudash-systems-private-limited1611907702

Agua Wireless Systems Private Limited,Electronics Engineering,"Delhi, Gurgaon",Starts�Immediately,12 Feb' 21,2 Months,4000-8000 /month,www.internshala.com//internship/detail/electronics-engineering-internship-in-delhi-gurgaon-at-agua-wireless-systems-private-limited1611838671

Leanworx Technologies Private Limited,Web Development,Bangalore,Starts�Immediately,11 Feb' 21,6 Months,5000 /month,www.internshala.com//internship/detail/web-development-internship-in-bangalore-at-leanworx-technologies-private-limited1611553887

Payal Gupta,AutoCAD 3D Rendering,Delhi,Starts�Immediately,11 Feb' 21,6 Months,5000 /month,www.internshala.com//internship/detail/autocad-3d-rendering-internship-in-delhi-at-payal-gupta1611842872

SMARTfill Solutions LLP,Embedded Engineering (Trainee),Ahmedabad,Starts�Immediately,11 Feb' 21,4 Months,5000 /month,www.internshala.com//internship/detail/embedded-engineering-trainee-internship-in-ahmedabad-at-smartfill-solutions-llp1611838097

Aatm Nirbhar Learning,3D Animation,Work From Home,Starts�Immediately,11 Feb' 21,3 Weeks,4500-7000 /month,www.internshala.com//internship/detail/3d-animation-work-from-home-job-internship-at-aatm-nirbhar-learning1611817195

Machenn Innovations,Engineering (3D Printing),"Chennai, Coimbatore, Erode, Tiruppur, Tiruchirappalli, Palakkad, Salem",Starts�Immediately,11 Feb' 21,3 Months,2000 /month +  Incentives,www.internshala.com//internship/detail/engineering-3d-printing-part-time-job-internship-at-multiple-locations-in-machenn-innovations1611815532

Exponent Energy Private Limited,Embedded Systems,Bangalore,Starts�Immediately,11 Feb' 21,6 Months,10000-15000 /month,www.internshala.com//internship/detail/embedded-systems-internship-in-bangalore-at-exponent-energy-private-limited1611753145

SkillBit,Internet Of Things (IoT),Work From Home,Starts�Immediately,11 Feb' 21,3 Months,15000 /month,www.internshala.com//internship/detail/internet-of-things-iot-work-from-home-job-internship-at-skillbit1611812556

Efkon India,Embedded Systems,Gurgaon,Starts�Immediately,10 Feb' 21,3 Months,12000 /month,www.internshala.com//internship/detail/embedded-systems-internship-in-gurgaon-at-efkon-india1611740231

Yolabs,Product Development,Bangalore,Starts�Immediately,10 Feb' 21,3 Months,11000 /month,www.internshala.com//internship/detail/product-development-internship-in-bangalore-at-yolabs1611760302

inDDev,Embedded Firmware Engineering,Lucknow,Starts�Immediately,7 Mar' 21,2 Months,5000-8000 /month,www.internshala.com//internship/detail/embedded-firmware-engineering-internship-in-lucknow-at-inddev1611755464

Advanced Bio Mechanics Pvt. Ltd.,Engineering,Mysuru,Starts�Immediately,10 Feb' 21,6 Months,10000 /month,www.internshala.com//internship/detail/engineering-internship-in-mysuru-at-advanced-bio-mechanics-pvt-ltd1611752888

Aester India Private Limited,Mechatronics,"Ernakulam, Kochi",Starts�Immediately,10 Feb' 21,2 Months,2000 /month,www.internshala.com//internship/detail/mechatronics-part-time-job-internship-at-ernakulam-kochi-in-aester-india-private-limited1611737711

EzeRx Health Tech Private Limited,Electronics ITI,Bhubaneswar,Starts�Immediately,10 Feb' 21,3 Months,5000 /month,www.internshala.com//internship/detail/electronics-iti-internship-in-bhubaneswar-at-ezerx-health-tech-private-limited1611732805

Enduri Spaces And Structures,Architecture,Hyderabad,Starts�Immediately,10 Feb' 21,2 Months,5000-7500 /month,www.internshala.com//internship/detail/architecture-internship-in-hyderabad-at-enduri-spaces-and-structures1611719631

Proxbotics Creation Technologies,3D Printing,Jaipur,Starts�Immediately,10 Feb' 21,3 Months,6000 /month,www.internshala.com//internship/detail/3d-printing-internship-in-jaipur-at-proxbotics-creation-technologies1611737391

3NOT Robotics Private Limited,3d Modeling Of Hardware Product,Nagpur,Starts�Immediately,10 Feb' 21,3 Months,3000 /month,www.internshala.com//internship/detail/3d-modeling-of-hardware-product-internship-in-nagpur-at-3not-robotics-private-limited1611694250

Aliste Technologies,PCB Designing,"Delhi, Noida",Starts�Immediately,10 Feb' 21,3 Months,15000 lump sum,www.internshala.com//internship/detail/pcb-designing-internship-in-delhi-noida-at-aliste-technologies1611734642

Dave's Brother Technology,PCB Designing,Jabalpur,Starts�Immediately,10 Feb' 21,3 Months,3000 /month,www.internshala.com//internship/detail/pcb-designing-internship-in-jabalpur-at-daves-brother-technology1611726160

ROBO INDIA ROBOTICS PRIVATE LIMITED,Robotics & Embedded Systems,Ajmer,Starts�Immediately,10 Feb' 21,3 Months,3000 /month,www.internshala.com//internship/detail/robotics-embedded-systems-internship-in-ajmer-at-robo-india-robotics-private-limited1611730900

AVRN Labs,PCB Designing,Work From Home,Starts�Immediately,10 Feb' 21,2 Months,1000-2000 /month,www.internshala.com//internship/detail/pcb-designing-work-from-home-job-internship-at-avrn-labs1611680744

YuDash Systems Private Limited,Instrumentation & Control Engineering,Ghaziabad,Starts�Immediately,10 Feb' 21,2 Months,8000-12000 /month,www.internshala.com//internship/detail/instrumentation-control-engineering-internship-in-ghaziabad-at-yudash-systems-private-limited1611729597

XMACHINES,Robotics Engineering,Hyderabad,Starts�Immediately,10 Feb' 21,3 Months,25000 /month,www.internshala.com//internship/detail/robotics-engineering-internship-in-hyderabad-at-xmachines1611725494

Tekastu,IoT Product Development,Indore,Starts�Immediately,9 Feb' 21,6 Months,2000 /month,www.internshala.com//internship/detail/iot-product-development-internship-in-indore-at-tekastu1611682505

TechnoScripts,Embedded Systems,Pune,Starts�Immediately,9 Feb' 21,6 Months,14000 /month,www.internshala.com//internship/detail/embedded-systems-internship-in-pune-at-technoscripts1611559792

